{"schema":6,"addons":[{"id":"{190d04a6-e387-4f5b-9751-e0d222cf8275}","icons":{"32":"https://addons.mozilla.org/user-media/addon_icons/970/970907-32.png?modified=eb31bc87","64":"https://addons.mozilla.org/user-media/addon_icons/970/970907-64.png?modified=eb31bc87","128":"https://addons.mozilla.org/user-media/addon_icons/970/970907-128.png?modified=eb31bc87"},"name":"Ui.Vision","version":"9.5.1","sourceURI":"https://addons.mozilla.org/firefox/downloads/file/4425736/rpa-9.5.1.xpi","homepageURL":"https://ui.vision","supportURL":"https://forum.ui.vision/","amoListingURL":"https://addons.mozilla.org/en-US/firefox/addon/rpa/","description":"Open-source Ui.Vision is RPA software for task & test automation. It is 3 tools in 1: Visual BROWSER automation with Selenium IDE import/export, 2: Visual DESKTOP automation and 3: (optional) Prompting with integrated Anthropic Claude Computer Use","fullDescription":"Easy automation for busy people. Ui.Vision automates web and desktop apps, so you can focus on your most important work.\n\nNew: Anthropic Claude Computer Use Integration\n\nOpen-Source Ui.Vision has consistently been at the forefront of visual web automation. With Claude’s integration, we’re taking the next step forward. The aiComputerUse command allows you to automate complex tasks with a single line of code that would traditionally require hundreds of lines of classic Ui.Vision commands (such as XClick, OCRExtractScreenshot, If/then statements, and more). For example, you can teach Ui.Vision to play TicTacToe with just one short \"Play this game...\" prompt.\n\nWhat is Ui.Vision?\n\nUi.Vision is open-source and “lives” in the web browser, but it can do desktop automation as well. It is a universal task and test automation tool that combines the best of classical web automation with modern, AI-powered automation concepts. UI Vision combines 3 powerful tools into one:\n\n(1) Visual Web Automation and UI Testing\n\nThe Visual UI testing commands of Ui.Vision help web designers and developers to verify and validate the layout of websites and canvas elements. UI Vision can read and recognize images and text inside canvas elements, images and videos.\n\nUi.Vision can resize the browser's window in order to emulate various resolutions. This is particularly useful to test layouts on different browser resolutions, and to validate visually perfect mobile, web, and native apps.\n\n\n(2) Visual Desktop Automation for Windows, Mac and Linux\n\nUi.Vision can not only see and automate everything inside the web browser. It uses image and text recognition for open-source RPA, desktop automation and screen scraping. Ui.Vision can read images and text on your desktop and click, move, drag & drop the mouse and simulate keyboard input.\n\nThe desktop automation feature requires the installation of the free RPA XModules. This is a separate software package available for Windows, Mac and Linux. It adds the “eyes” and “hands” to the open-source RPA core.\n\n\n(3) Selenium IDE Alternative\n\nUi.Vision includes our own open-source implementation of Selenium IDE commands for general web automation, web testing, form filling & web scraping. But Ui.Vision has a different design philosophy then the classic Selenium IDE. On the one hand it is a record & replay tool for automated testing just like the classic Selenium IDE, but even more it is a \"swiss army knife\" for general web automation like screen scraping, automating file uploads and autofill form filling. It has many features that the classic IDE does not (want to) have. For example, you can run your macros directly from the browser as bookmarks or even embed them on your website. If there’s an activity you have to do repeatedly, just create a web macro for it. The next time you need to do it, the entire macro will run at the click of a button and do the work for you.\n\nUi.Vision is a open-source alternative to iMacros, Katalon, UIPath and Selenium IDE, and supports all important Selenium IDE commands. When you invest the time to learn Ui.Vision, you learn Selenium IDE at the same time.\n\nUi.Vision includes many features that are not found in the classic Selenium IDE, such as the ability to write and read CSV files (data-driven testing), visual checks for UI testing, file download automation, PDF testing and the ability to take full web page and desktop screenshots.\n\n\n(API) Integrate with your favorite tools via command line\n\nOne of the best Ui.Vision features for experts is its extensive command line API. This allows you to integrate Ui.Vision with any application (e. g. Jenkins and other CI/CD tools, task scheduler,...) and any programming or scripting language (e. g. Python or Powershell).\n\n\nFor developers: The source code of the Ui.Vision extension is published at https://github.com/A9T9/RPA\n\nHappy Automating!\n\nFor questions and suggestions, please visit the active Ui.Vision RPA forum.","weeklyDownloads":274,"type":"extension","creator":{"name":"Ui.Vision Open-Source RPA Software","url":"https://addons.mozilla.org/en-US/firefox/user/13041438/"},"developers":[],"screenshots":[{"url":"https://addons.mozilla.org/user-media/previews/full/229/229007.png?modified=1622133707","width":1280,"height":800,"thumbnailURL":"https://addons.mozilla.org/user-media/previews/thumbs/229/229007.jpg?modified=1622133707","thumbnailWidth":533,"thumbnailHeight":333,"caption":"UI.Vision RPA is 3 tools in 1: Visual web browser automation, Selenium IDE++ and AI-powered desktop automation for Windows, Mac and Linux."},{"url":"https://addons.mozilla.org/user-media/previews/full/229/229006.png?modified=1622133711","width":1280,"height":800,"thumbnailURL":"https://addons.mozilla.org/user-media/previews/thumbs/229/229006.jpg?modified=1622133711","thumbnailWidth":533,"thumbnailHeight":333,"caption":"Web form filling with UI.Vision RPA."},{"url":"https://addons.mozilla.org/user-media/previews/full/201/201908.png?modified=1622133716","width":1154,"height":719,"thumbnailURL":"https://addons.mozilla.org/user-media/previews/thumbs/201/201908.jpg?modified=1622133716","thumbnailWidth":533,"thumbnailHeight":332,"caption":"Record your own browser macros. And then run them from the add-on, from the bookmarks bar or even the command line."},{"url":"https://addons.mozilla.org/user-media/previews/full/201/201943.png?modified=1622133718","width":576,"height":270,"thumbnailURL":"https://addons.mozilla.org/user-media/previews/thumbs/201/201943.jpg?modified=1622133718","thumbnailWidth":533,"thumbnailHeight":250,"caption":"Bookmarklets: Macros and test suites can be run from a bookmark, e. g. from bookmarks bar."},{"url":"https://addons.mozilla.org/user-media/previews/full/201/201945.png?modified=1622133720","width":640,"height":400,"thumbnailURL":"https://addons.mozilla.org/user-media/previews/thumbs/201/201945.jpg?modified=1622133720","thumbnailWidth":533,"thumbnailHeight":333,"caption":"Command line API"},{"url":"https://addons.mozilla.org/user-media/previews/full/201/201944.png?modified=1622133724","width":859,"height":817,"thumbnailURL":"https://addons.mozilla.org/user-media/previews/thumbs/201/201944.jpg?modified=1622133724","thumbnailWidth":421,"thumbnailHeight":400,"caption":"Click the (gear) icon to access the RPA settings."}],"contributionURL":"","averageRating":4.3191,"reviewCount":26,"reviewURL":"https://addons.mozilla.org/en-US/firefox/addon/rpa/reviews/","updateDate":1737807929000}]}